<?xml version="1.0" encoding="utf-8"?>
<TrueTypeFonts>
  <TrueTypeFont Name="Medium_BlueHighway">
    <FileName>./Media/fonts/bluehigh.ttf</FileName>
    <FontStyle>Regular</FontStyle>
    <Resolution>96</Resolution>
    <Size>25</Size>
  </TrueTypeFont>
  <TrueTypeFont Name="Small_BlueHighway">
    <FileName>./Media/fonts/bluehigh.ttf</FileName>
    <FontStyle>Regular</FontStyle>
    <Resolution>96</Resolution>
    <Size>19</Size>
  </TrueTypeFont>
  <TrueTypeFont Name="Console">
    <FileName>./Media/fonts/bluehigh.ttf</FileName>
    <FontStyle>Regular</FontStyle>
    <Resolution>96</Resolution>
    <Size>16</Size>
  </TrueTypeFont> 
</TrueTypeFonts>